CloudFraction,Count,Time
,0.0,
0.9314022988505747,435.0,1433619141.145494
0.7125,16.0,1428178507.5933442
1.0,150.0,1437855277.3804643
0.9570491803278688,488.0,1445672174.1636384
,0.0,
,0.0,
0.020369609856262835,487.0,1406964992.1207619
0.9423076923076923,104.0,1401135661.920963
,0.0,
0.6402657807308969,301.0,1443856668.804548
0.989090909090909,11.0,1403250909.5785842
1.0,11.0,1429172413.1132798
,0.0,
0.9002570694087403,389.0,1405021816.1588717
1.0,230.0,1425280346.1746116
1.0,132.0,1420272800.2375278
0.6462528735632184,435.0,1397676737.9958587
,0.0,
,0.0,
1.0,132.0,1392624822.5431185
0.6905882352941177,102.0,1399753276.1267962
,0.0,
0.9990588235294118,170.0,1451462809.273514
1.0,51.0,1388127610.8024957
,0.0,
0.9982608695652173,230.0,1390032063.6020794
,0.0,
1.0,51.0,1416552824.8378088
0.3406004618937644,433.0,1408735904.7510757
1.0,104.0,1392274814.814382
0.6418666666666667,300.0,1435046121.0858736
0.3565625,256.0,1438027340.4778013
0.8514285714285714,182.0,1440919813.4914012
0.999753086419753,486.0,1424936210.5084686
0.9964779874213836,159.0,1415992037.7921326
0.9979190751445087,173.0,1434874057.4252355
0.995701754385965,456.0,1397893385.4302158
1.0,456.0,1451806939.2897248
,0.0,
0.7075968992248062,387.0,1411284251.8177838
0.8360264900662251,302.0,1406015688.4264944
1.0,233.0,1392102744.2796898
0.27932203389830507,472.0,1401651856.503328
1.0,131.0,1432714419.8069122
1.0,381.0,1392968954.3827982
0.9929411764705882,102.0,1423254076.091881
,0.0,
0.40710144927536235,276.0,1446232759.4997764
0.8900558659217878,179.0,1434351989.0420246
0.9745454545454545,132.0,1446188374.1774273
0.580928270042194,474.0,1404416649.0717962
0.5522627737226277,274.0,1450379953.0800889
0.5286746987951807,83.0,1439581811.11462
0.943304347826087,230.0,1405238463.661003
0.9606060606060606,132.0,1424420022.324271
0.4273529411764706,272.0,1443467952.272179
0.30450592885375494,253.0,1436644958.7161503
0.9764285714285714,112.0,1448137218.785358
0.8919877675840979,327.0,1434657409.111271
0.519235668789809,157.0,1432580862.595724
0.7370443349753694,406.0,1387050631.4088538
0.9914211886304909,387.0,1402989867.7648034
1.0,301.0,1444722869.0703864
,0.0,
0.521183932346723,473.0,1450035822.604026
,0.0,
0.5509433962264151,106.0,1410812438.8386924
1.0,55.0,1430376874.1929798
,0.0,
0.9986666666666666,120.0,1419534081.1620336
,0.0,
0.8845569620253164,158.0,1446404824.8907752
1.0,158.0,1451934419.6890275
0.4094426229508197,305.0,1436944700.4070072
1.0,228.0,1426662748.0668437
0.9995822454308094,383.0,1433058554.0443847
0.9936258660508084,433.0,1390764720.0313551
,0.0,
1.0,456.0,1425713451.147934
,0.0,
0.7275,16.0,1433319592.0579946
0.9980952380952381,483.0,1387222693.168805
,0.0,
0.9901075268817204,186.0,1386101341.1097238
1.0,29.0,1395039606.428452
0.9018181818181819,176.0,1405321558.6500087
0.7645454545454545,132.0,1393618500.7700713
0.9520000000000001,20.0,1436511610.5566287
1.0,357.0,1413660335.8141296
1.0,384.0,1448609033.9486732
0.30405466970387246,439.0,1386617535.905591
0.8986666666666666,150.0,1447532058.1028197
1.0,302.0,1425885517.5993843
0.985974025974026,231.0,1440486711.3765934
1.0,49.0,1412405616.1932395
0.8783589743589744,195.0,1426190939.5174637
,0.0,
,0.0,
0.9969230769230769,104.0,1400530502.1148973
,0.0,
0.8778039215686274,255.0,1391025757.0243752
,0.0,
0.8539712918660287,209.0,1429038854.0503159
,0.0,
0.7155212355212355,259.0,1432497766.8549614
0.4031746031746032,252.0,1435262570.646831
0.2620746887966805,482.0,1443901054.7429268
,0.0,
0.8844444444444445,9.0,1435129208.1004775
1.0,456.0,1393746178.698964
1.0,230.0,1419062464.301541
0.11605839416058394,274.0,1439320768.887168
0.736943231441048,229.0,1437033669.6645896
1.0,132.0,1391242407.2532864
,0.0,
1.0,52.0,1423464854.084806
1.0,194.0,1444162090.1080146
1.0,135.0,1385362818.3971097
,0.0,
0.3734025974025974,385.0,1441352905.980169
0.37961290322580643,155.0,1433791203.6825018
1.0,487.0,1422171418.9105544
0.31478260869565217,322.0,1386273406.8217442
,0.0,
0.9974093264248706,386.0,1398842681.9367516
0.98,128.0,1392236101.04779
0.9906813186813187,455.0,1403422965.0022335
0.9176811594202898,276.0,1417202372.319953
1.0,411.0,1431287455.492971
1.0,160.0,1416081005.1841764
0.46909090909090906,209.0,1437333212.815827
0.7882066869300912,329.0,1423598209.962103
0.2311340206185567,388.0,1433402688.1886978
0.43239669421487603,484.0,1430077129.0095048
0.9248322147651007,298.0,1399103720.5093982
1.0,232.0,1403161932.1525762
,0.0,
0.2295614035087719,456.0,1403595028.7321424
0.7715611814345992,474.0,1419623052.1072502
0.27032679738562093,306.0,1412061487.1514664
0.250547263681592,201.0,1428261614.0738895
0.9637575757575757,330.0,1439581802.9250343
0.9288888888888889,459.0,1399447853.9310226
1.0,305.0,1421738313.1021385
1.0,305.0,1396855122.2737265
1.0,272.0,1419839700.4880214
0.8237413394919169,433.0,1393529533.4597065
1.0,8.0,1390892409.2333078
0.8,23.0,1405021807.6879685
1.0,354.0,1395689174.7584746
0.8620618556701031,194.0,1391630922.6901793
0.19207823960880194,409.0,1436817022.7953098
0.4648314606741573,356.0,1409169001.2485702
0.9989115646258503,147.0,1446149663.7994144
0.9503002309468822,433.0,1407353510.6503801
0.9751440329218107,486.0,1420788995.793147
1.0,132.0,1411628386.2788267
,0.0,
0.8169620253164557,158.0,1389726438.2307436
0.8970322580645161,155.0,1427051264.533351
0.5335849056603774,159.0,1417374434.345138
,0.0,
1.0,120.0,1415386874.4126363
0.5655211267605634,355.0,1403983545.1286964
0.9955670103092784,388.0,1427528952.3649702
0.783780487804878,328.0,1415303780.788019
1.0,455.0,1389771023.3702872
1.0,134.0,1396422023.844523
0.5961157024793389,484.0,1421782699.9132738
1.0,198.0,1427573339.508269
0.9978625954198473,131.0,1431332039.4955113
0.9934657836644591,453.0,1431071005.9878776
0.6550197628458498,253.0,1407614546.442532
1.0,144.0,1421222112.0403903
0.41827338129496405,278.0,1400613598.8046181
0.03369803063457331,457.0,1411889421.7251005
0.9989090909090909,110.0,1424636470.0182476
8.81057268722467e-05,454.0,1435218184.691685
,0.0,
0.2900618556701031,485.0,1439753869.503229
1.0,482.0,1445283455.6240826
1.0,169.0,1386490055.584718
1.0,138.0,1429255511.3409832
1.0,377.0,1430293778.0880086
0.8886666666666666,240.0,1386573150.2031188
1.0,175.0,1398409574.5540636
0.7542105263157894,228.0,1431504101.5300488
1.0,149.0,1412972069.0646584
0.989090909090909,44.0,1438671216.1235943
1.0,386.0,1389165866.7296026
0.681285140562249,249.0,1386878568.6623187
0.9620652173913044,368.0,1442302203.6360352
1.0,183.0,1436428504.8042142
0.5596153846153846,104.0,1386706502.6161358
0.1514285714285714,56.0,1438199410.663487
0.36830917874396135,414.0,1447876185.421234
0.38153846153846155,208.0,1406920407.5026011
1.0,142.0,1396466412.9962046
1.0,50.0,1395816856.125765
0.9605095541401273,157.0,1428433679.9308898
0.6965686274509804,408.0,1392580237.5971267
0.4707826086956522,230.0,1401779536.170012
,0.0,
,0.0,
0.8866666666666667,48.0,1401346434.3185008
0.32270531400966185,207.0,1411933812.2180455
1.0,50.0,1405493623.1516178
0.7490683229813665,483.0,1448048248.4479954
1.0,49.0,1397199252.2140162
0.6981912144702842,387.0,1407137058.536419
,0.0,
1.0,174.0,1443168405.189852
0.26545454545454544,264.0,1435173600.5765092
1.0,133.0,1415775584.7086828
,0.0,
1.0,488.0,1430465843.1332147
0.9695999999999999,50.0,1446965605.8780732
0.7463847780126849,473.0,1412711032.671424
1.0,356.0,1390159546.8275254
,0.0,
0.99,172.0,1396166863.1699755
0.9590909090909091,176.0,1402556769.2621133
,0.0,
1.0,272.0,1392191716.369167
1.0,357.0,1430249194.2361317
0.6202575107296137,233.0,1404544328.7151601
0.9863157894736843,190.0,1423426143.8006866
,0.0,
0.6643609022556392,133.0,1437893986.218661
,0.0,
0.48,76.0,1424114410.5957694
0.7014406779661018,472.0,1422387872.5189886
0.04844262295081967,488.0,1442907370.3837726
0.9808108108108108,148.0,1421266494.6006238
0.2241860465116279,301.0,1404633298.8565373
0.8597209302325581,215.0,1386184436.0956657
,0.0,
1.0,48.0,1391669633.8121626
,0.0,
0.8134939759036145,415.0,1450640991.203802
,0.0,
1.0,64.0,1384757652.3036869
1.0,304.0,1410679084.621251
1.0,174.0,1407226029.2569773
0.989364161849711,173.0,1439881548.5102866
0.9943896103896104,385.0,1412666647.0516076
0.9969736842105263,304.0,1431415132.816979
1.0,456.0,1415864554.2909362
0.0,174.0,1441786008.7959635
0.7278212290502794,179.0,1414998360.8994114
1.0,119.0,1401562885.2159986
,0.0,
0.046419753086419754,486.0,1408347389.817915
0.684,210.0,1411067599.4922464
0.19534883720930232,473.0,1415475844.385201
0.8214746543778801,434.0,1394911930.2146792
1.0,18.0,1413965957.4129267
0.9655284552845528,123.0,1435129216.8350537
0.9981818181818182,44.0,1403639407.5048254
0.9296350364963503,274.0,1389554376.8131368
,0.0,
0.29277533039647574,454.0,1407570160.042958
1.0,193.0,1451074093.716346
,0.0,
,0.0,
0.9986440677966101,413.0,1393962625.0538735
,0.0,
0.8136697247706423,436.0,1400441535.4300241
1.0,305.0,1395472721.0591097
1.0,303.0,1446621474.9700077
0.88,18.0,1447143543.891606
0.5290272373540855,257.0,1389815413.5896258
,0.0,
1.0,230.0,1395561692.4538267
1.0,174.0,1416902829.104961
1.0,107.0,1425452415.8430657
1.0,169.0,1388044513.1204243
0.805204081632653,392.0,1420228216.755431
0.9511811023622048,381.0,1431676163.343718
0.7515596330275229,436.0,1429471959.8744888
,0.0,
0.9749720670391062,179.0,1412233551.9420815
0.9877586206896553,232.0,1445328040.150067
0.9984415584415585,231.0,1406620858.7026815
0.8029425287356322,435.0,1436383924.4930758
0.17296296296296299,108.0,1439842838.6416178
0.9793333333333334,120.0,1434740502.9965892
1.0,50.0,1390287228.739699
0.5101310043668122,458.0,1407742225.2826376
0.4172839506172839,243.0,1446449413.102571
0.7014354066985646,209.0,1445627589.6120727
0.9625082508250826,303.0,1438327083.0216
1.0,383.0,1416469728.4224024
1.0,132.0,1423037623.9166512
,0.0,
,0.0,
0.9130434782608695,46.0,1433708106.0276346
0.851214953271028,107.0,1446754830.355364
0.9230366492146597,382.0,1401263339.6117957
0.9661068702290077,131.0,1414743200.2842069
,0.0,
1.0,307.0,1392707917.8701618
1.0,171.0,1419667636.4302435
0.9961389961389961,259.0,1426968169.8202496
0.568,230.0,1410768054.0149088
0.9918666666666667,300.0,1407398094.646816
,0.0,
0.3454852320675106,237.0,1406404203.8371108
0.6459367396593675,411.0,1400874631.462482
1.0,53.0,1388904835.219597
,0.0,
0.531731843575419,358.0,1421954767.2639444
0.9998648648648648,296.0,1430898942.1047401
0.976954732510288,486.0,1437377796.2233264
0.253446088794926,473.0,1443123821.0029042
1.0,230.0,1412838711.4449618
,0.0,
0.8882644628099173,121.0,1391886089.62752
,0.0,
0.0,230.0,1442563240.7067525
0.8752941176470589,68.0,1422648904.6838837
0.9972602739726026,146.0,1411589675.830129
,0.0,
1.0,486.0,1427701019.7389193
0.8379636363636364,275.0,1415819969.2431202
1.0,456.0,1390981370.6154923
0.3991397849462366,93.0,1413316210.0813217
,0.0,
0.7726666666666666,120.0,1447182055.0632715
1.0,56.0,1387522436.475287
,0.0,
0.3582644628099174,484.0,1407958676.621091
1.0,485.0,1394523403.3886535
,0.0,
0.9208465608465609,189.0,1384718942.0032072
1.0,232.0,1394867543.3863113
,0.0,
1.0,132.0,1421655217.1872253
0.3620289855072464,276.0,1407525575.922072
1.0,65.0,1390809310.7599337
,0.0,
0.8254814814814815,135.0,1408863583.7216704
,0.0,
1.0,92.0,1421305203.2002575
0.9982608695652173,230.0,1403856062.7830453
0.8724786324786326,468.0,1434829473.4241788
,0.0,
1.0,382.0,1390204131.517652
0.7445592705167173,329.0,1412538970.1011899
,0.0,
1.0,228.0,1416297662.0021834
0.8933333333333333,51.0,1431759257.8095703
1.0,84.0,1388127602.640102
0.0,174.0,1440403616.6358335
0.9941787941787942,481.0,1419017879.4354017
0.98580375782881,479.0,1389987478.8727465
1.0,301.0,1408780488.3513427
0.9832034632034632,231.0,1447398703.2783458
0.987816091954023,174.0,1432109253.7781124
1.0,53.0,1399964052.3255439
0.889620253164557,158.0,1393873656.4725385
0.9983471074380165,121.0,1451329253.9927888
0.9703867403314917,362.0,1386012370.749868
0.999080459770115,174.0,1438499149.6686833
0.9095302013422818,149.0,1415736875.3990324
1.0,65.0,1386140051.380948
0.9986382978723404,470.0,1397504673.4256182
1.0,386.0,1390548266.7084808
0.8625396825396825,252.0,1433880178.2608914
1.0,133.0,1396466404.8523774
1.0,174.0,1429344477.3762612
1.0,14.0,1422260388.2703137
0.97459584295612,433.0,1412883097.9677966
,0.0,
0.9933009708737864,412.0,1446493795.9326878
0.7321611721611722,273.0,1444850349.4974308
0.9840860215053763,279.0,1388171991.1415677
0.9987317073170732,410.0,1429905063.1893044
1.0,120.0,1429210921.3265793
,0.0,
,0.0,
1.0,175.0,1397027185.9186769
,0.0,
1.0,450.0,1385451787.0795836
0.714066985645933,209.0,1405538007.7693784
,0.0,
,0.0,
0.2245098039215686,204.0,1411933804.092878
0.5327272727272727,132.0,1438243987.6894643
0.288659793814433,194.0,1402690125.0573757
1.0,233.0,1416985923.7062442
0.8023529411764706,102.0,1392841273.921521
0.7546496815286625,157.0,1409080032.1367898
0.6251428571428571,455.0,1449042137.5724373
,0.0,
0.5213605442176871,147.0,1401912892.8039489
1.0,389.0,1397460287.2056882
0.9735740072202167,277.0,1390936786.2320127
0.9887719298245614,114.0,1386745215.9065988
0.7448101265822785,158.0,1450552019.5162992
0.9584713375796179,157.0,1391108851.8179057
0.6751219512195122,410.0,1434052244.15173
1.0,123.0,1396383314.9497318
1.0,17.0,1397377191.5150373
0.28264591439688713,257.0,1408996938.3815556
0.6641212121212121,330.0,1390420586.2101123
1.0,233.0,1396249958.2719438
,0.0,
0.9998679867986798,303.0,1428650333.2775378
1.0,49.0,1428994468.6536038
,0.0,
1.0,486.0,1401435403.2118864
0.2695867768595041,484.0,1402429090.087378
1.0,28.0,1426834807.3598406
0.8088607594936709,158.0,1447787215.6429093
0.33442307692307693,208.0,1441480387.4941485
0.6781151832460733,191.0,1433186035.4760947
0.03655502392344498,209.0,1442862786.015207
,0.0,
,0.0,
0.4452173913043478,299.0,1411545289.6551309
0.3841478439425051,487.0,1390376199.2620933
1.0,133.0,1444805964.7704976
0.9664406779661018,354.0,1424719564.7099311
0.947177033492823,209.0,1413832400.6845236
0.9992405063291139,158.0,1425668866.221201
1.0,384.0,1417852118.5317893
1.0,475.0,1426535069.6060936
1.0,453.0,1422776588.4858031
,0.0,
0.9993333333333334,120.0,1412622063.4341986
1.0,302.0,1450252470.9641562
1.0,88.0,1385929274.7521615
,0.0,
1.0,411.0,1395345039.9030714
0.9926315789473683,190.0,1387483725.6331513
1.0,175.0,1401174371.5914767
0.7061797752808988,356.0,1419189947.6988676
1.0,301.0,1417074892.7415686
1.0,40.0,1394434433.1611648
1.0,332.0,1447098960.9421062
0.9977245508982036,334.0,1424980596.3561962
0.10404624277456648,173.0,1408608424.35836
1.0,473.0,1432064670.870225
0.9067768595041322,484.0,1433230621.1480536
0.8451674641148326,209.0,1391714020.0837507
1.0,456.0,1427095848.679838
0.9957201646090534,486.0,1418024186.7622097
0.9247272727272727,110.0,1438460439.7279968
0.8915942028985507,414.0,1432669834.7349865
1.0,203.0,1430637904.1442828
1.0,454.0,1388216575.2277741
0.8684297520661157,121.0,1416769274.7699947
1.0,120.0,1420916480.4664817
0.9054014598540147,274.0,1447615152.6347785
1.0,303.0,1451634874.3554962
0.5574630021141649,473.0,1437594245.7711055
0.9998566308243727,279.0,1431026422.2351997
0.9692561983471074,121.0,1396033307.8490539
0.45089494163424126,257.0,1406232139.9543443
1.0,149.0,1417119278.1040318
0.4417610062893082,159.0,1403550444.7624958
0.9784313725490196,102.0,1430166098.3723683
1.0,133.0,1427184818.9728458
1.0,307.0,1414826295.2343552
0.7476666666666667,120.0,1405710071.4296892
1.0,175.0,1389254835.9119961
0.4641454545454545,275.0,1440703161.0758216
1.0,301.0,1412927682.5336192
0.8167045454545455,352.0,1439925933.993376
0.8201993355481727,301.0,1424503116.3831592
0.4441237113402062,194.0,1431720548.611846
,0.0,
0.9843776824034335,233.0,1441180841.8216083
0.4126424870466321,193.0,1420661312.6801615
1.0,54.0,1422082448.9948277
0.9892447129909365,331.0,1449863757.5716248
0.9997894736842105,190.0,1415131716.3570628
0.19570247933884297,484.0,1441524972.1209989
0.4050955414012739,157.0,1410462435.6417866
0.9956043956043956,455.0,1432625447.9250922
,0.0,
0.8812280701754386,456.0,1428306196.5450387
1.0,304.0,1398237510.567557
1.0,300.0,1410162889.633781
0.9927962085308057,211.0,1412450000.5375228
0.8156390977443608,133.0,1436861606.4040105
0.800091743119266,436.0,1414265510.6816888
0.341151832460733,191.0,1409602107.0606472
0.7263333333333334,120.0,1390503681.7981288
0.7080620155038759,258.0,1447704122.1318965
0.8041884816753927,191.0,1446926896.12974
1.0,459.0,1398065448.4245954
0.9978947368421052,19.0,1392236109.4361117
,0.0,
,0.0,
0.9990196078431373,204.0,1422732002.2126079
1.0,15.0,1423642793.1482975
0.21194805194805194,231.0,1405926719.3775272
0.49926701570680626,382.0,1409557720.4021866
0.9996498905908097,457.0,1413099749.9108715
0.03165217391304348,230.0,1439104317.403403
,0.0,
0.002508250825082508,303.0,1439709483.042258
,0.0,
0.998993710691824,159.0,1422904069.4053113
0.9640731070496084,383.0,1408175325.1025789
1.0,172.0,1385107658.085773
0.8501675977653632,358.0,1388777155.9927227
0.9416949152542372,118.0,1425063692.0782642
,0.0,
0.8782524271844661,206.0,1426274034.4879665
0.7445714285714286,210.0,1388949219.6370668
0.9013592233009708,412.0,1435434634.0551689
0.2189583333333333,192.0,1440014903.838712
0.9969411764705882,170.0,1437638828.7837284
1.0,37.0,1399231209.9392967
1.0,455.0,1395300652.7093267
,0.0,
1.0,383.0,1451029707.3445714
1.0,31.0,1409124608.2514892
1.0,24.0,1425025181.8891304
,0.0,
,0.0,
0.7815162454873646,277.0,1421349591.625365
0.9297247706422018,436.0,1430854358.4796145
1.0,459.0,1421566244.9118078
,0.0,
0.92,116.0,1427401271.20834
1.0,180.0,1384585585.009976
0.8286896551724138,145.0,1414354481.8039937
,0.0,
0.843609022556391,133.0,1441008778.398367
0.1703305785123967,484.0,1440142582.2263722
1.0,304.0,1391325502.1884162
,0.0,
0.9996491228070176,456.0,1447659735.9352245
0.9656296296296296,135.0,1407481190.9373372
0.841823708206687,329.0,1422215805.7509525
0.7090625,384.0,1418196254.586711
0.0,485.0,1402817803.250022
,0.0,
1.0,227.0,1430121712.9666955
0.8129523809523809,105.0,1413577239.6329467
0.5932394366197183,213.0,1387566821.522621
1.0,301.0,1425369317.1380544
,0.0,
0.9856969696969696,330.0,1397332608.0717754
0.8543540669856459,209.0,1390331614.3283703
1.0,328.0,1416686180.4906323
0.6075912408759124,274.0,1440919805.3715482
1.0,43.0,1444200800.535346
1.0,108.0,1390076449.6808298
1.0,75.0,1422732010.3801694
1.0,386.0,1414049054.8537285
1.0,132.0,1429599640.476349
0.6261780104712041,191.0,1438632506.4699163
0.9823098591549295,355.0,1431631580.1645908
,0.0,
0.28788321167883213,274.0,1442085555.4770093
1.0,175.0,1391497567.5002081
1.0,185.0,1430637912.2664933
0.8375460122699387,163.0,1386961661.9319308
1.0,18.0,1445761145.2139094
1.0,485.0,1447054574.433256
1.0,18.0,1401524374.1189587
0.45536332179930794,289.0,1403250900.9254663
1.0,384.0,1395733759.019829
1.0,300.0,1394090300.261259
0.4752475247524752,303.0,1441091872.5631478
0.7740084388185654,474.0,1403034253.9548016
1.0,50.0,1398581643.5248337
1.0,332.0,1401479790.144011
0.3833663366336634,303.0,1437810891.5776057
0.6397540983606558,488.0,1405582591.5198452
1.0,43.0,1424847243.0626533
0.6741850220264317,227.0,1434268893.7535825
1.0,27.0,1441613943.588308
0.9897435897435898,117.0,1426446098.8545964
0.8187737843551797,473.0,1416858245.3394845
0.6313846153846154,195.0,1448309286.661503
0.3502958579881657,338.0,1417463401.9591808
0.9996144578313253,415.0,1440964194.6909797
1.0,132.0,1416125595.101882
1.0,385.0,1451373838.8655505
,0.0,
,0.0,
0.7697457627118643,472.0,1407181445.0185945
1.0,486.0,1416641794.113887
0.9926701570680627,191.0,1416514114.8703551
0.6868965517241379,232.0,1397632352.26447
0.3762285714285714,175.0,1409468750.2720962
1.0,106.0,1437078054.964629
1.0,132.0,1410245985.6213272
,0.0,
,0.0,
0.8594782608695652,230.0,1420444863.7155342
0.3956140350877193,456.0,1447831799.31788
,0.0,
0.8959999999999999,115.0,1394223651.866441
0.7925925925925925,486.0,1414870681.585044
1.0,104.0,1426834815.668596
0.7436514522821577,482.0,1416253077.6082494
1.0,132.0,1424070019.8942437
1.0,484.0,1423553823.5120916
0.8860455486542443,483.0,1392752304.3094156
0.9916666666666667,48.0,1451112803.528917
0.3558549222797927,193.0,1434485344.2997262
0.516,100.0,1388694060.423403
0.9710344827586206,29.0,1448220307.862869
1.0,132.0,1395389624.9423342
0.41810154525386317,453.0,1408952552.2784402
,0.0,
0.36208530805687206,211.0,1434568438.9211004
0.605701754385965,456.0,1411717355.8665845
0.5143730886850153,327.0,1400097407.2309117
1.0,1.0,1425369307.612887
,0.0,
1.0,386.0,1419578665.7397206
0.8195918367346938,49.0,1409640817.1294422
0.8825333333333333,300.0,1423986924.1134875
1.0,253.0,1424203374.5044742
0.8068482490272373,257.0,1418673745.0002759
0.955114503816794,131.0,1447920768.8022118
0.5433333333333333,108.0,1401868511.8026135
,0.0,
1.0,174.0,1390115160.7351131
1.0,131.0,1417507986.8059347
0.9984313725490196,459.0,1400830245.5058587
0.7821212121212122,132.0,1443773573.7477756
0.9104761904761905,105.0,1396988476.265552
0.8452791878172589,394.0,1386401085.460957
0.8960747663551402,107.0,1450902026.9597795
1.0,255.0,1389643345.3308594
0.9988625592417061,211.0,1393096435.2446706
,0.0,
0.9930026109660574,383.0,1420616926.7353768
0.6821212121212121,132.0,1442391175.886562
0.9596052631578948,304.0,1417591079.5985317
0.3355778894472362,398.0,1414698616.206211
0.43730769230769234,208.0,1409685202.3682017
,0.0,
0.4814507772020725,193.0,1442779691.4329882
0.7054785478547855,303.0,1403767092.4732997
,0.0,
1.0,486.0,1434224309.5259633
0.9509565217391304,230.0,1428045155.9583197
0.24029197080291972,411.0,1396727444.146222
0.8245454545454546,176.0,1419145561.4928207
,0.0,
1.0,456.0,1421394176.5344763
0.6048484848484849,330.0,1404244582.7447011
0.9988366890380312,447.0,1413271817.1377597
1.0,175.0,1427962058.595136
0.8086486486486487,481.0,1405193880.0946617
0.9613502109704641,474.0,1451418225.171401
1.0,484.0,1431848224.7492752
1.0,120.0,1393268499.892831
0.35534246575342465,438.0,1387999925.5311408
1.0,160.0,1429816091.8524067
0.24932584269662922,356.0,1437161149.779951
,0.0,
,0.0,
0.6803827751196172,418.0,1427140235.211462
,0.0,
1.0,480.0,1403811478.4582381
0.5973553719008264,121.0,1407786605.9221241
,0.0,
0.8910416666666667,192.0,1417896505.6303208
,0.0,
1.0,333.0,1394567790.7500803
1.0,298.0,1422604522.8577056
0.9967213114754098,61.0,1385407209.6791797
0.9956571428571428,175.0,1406703955.2004278
1.0,486.0,1411112184.3731534
0.7042499999999999,160.0,1435345664.2949467
1.0,456.0,1426923783.2512836
0.9194444444444444,144.0,1429560930.3065956
0.2803389830508475,472.0,1411328638.5877135
,0.0,
1.0,81.0,1450596611.1154087
,0.0,
0.5747432024169185,331.0,1438804572.7003455
,0.0,
,0.0,
0.86860103626943,193.0,1388866125.454219
,0.0,
1.0,176.0,1432969583.4903078
1.0,306.0,1399619920.2258527
0.6912396694214875,121.0,1437505275.8554401
0.7729230769230768,195.0,1394395721.5965133
1.0,383.0,1410940117.5520868
0.0,48.0,1445583204.0502346
,0.0,
0.9708616187989556,383.0,1420961066.1151938
0.19801242236024844,483.0,1409341069.4309425
,0.0,
1.0,2.0,1386317985.252613
1.0,128.0,1388044504.9608657
0.9787719298245614,456.0,1404977429.2754154
0.9992607802874742,487.0,1387611406.163096
,0.0,
1.0,40.0,1421305211.4062603
,0.0,
,0.0,
,0.0,
0.8072727272727274,44.0,1420700024.019391
1.0,382.0,1398498545.8244607
0.9871916010498688,381.0,1415087330.2313693
0.4164363636363636,275.0,1408907968.6274655
0.41886178861788614,123.0,1433791211.870654
,0.0,
1.0,179.0,1387350369.7347167
1.0,485.0,1396899507.9030702
0.34344410876132936,331.0,1405626977.7045507
1.0,172.0,1393402053.9578037
1.0,69.0,1397765711.7128732
0.9978181818181818,275.0,1413055165.3088787
0.5056551724137931,435.0,1411500705.3453715
,0.0,
0.8472727272727273,121.0,1398798096.7793074
1.0,131.0,1445155972.9278398
0.1761016949152542,472.0,1409946239.8673773
1.0,132.0,1413360788.3037133
1.0,449.0,1386834182.7736306
0.8485285285285284,333.0,1448481354.042537
1.0,22.0,1444378740.7046003
0.7415533980582525,412.0,1421610632.084982
,0.0,
1.0,172.0,1448698005.0178475
,0.0,
,0.0,
0.6583050847457628,472.0,1391975062.3791313
0.5412621359223301,412.0,1428522652.4096544
1.0,21.0,1420877969.9279826
0.9937677053824362,353.0,1401218756.5563495
1.0,483.0,1420400280.1612484
0.9511111111111111,18.0,1408436359.0493243
,0.0,
0.6392105263157895,304.0,1434179923.521921
,0.0,
0.07041322314049586,121.0,1408474870.2147028
0.6226415094339622,159.0,1439492833.6371937
0.9876923076923078,234.0,1433574755.293251
0.9866666666666667,210.0,1423509238.945497
0.9699328859060402,149.0,1408824874.06828
0.010461538461538461,455.0,1406187752.9657147
0.846282722513089,382.0,1437549859.5384195
0.8285185185185184,108.0,1449519625.8733816
0.997487922705314,414.0,1452023390.3956351
0.4051094890510949,274.0,1406143168.3136494
,0.0,
1.0,232.0,1430809972.7822618
,0.0,
0.9639024390243902,41.0,1400530510.2410927
0.5786842105263158,456.0,1440747744.7106419
0.7965217391304349,253.0,1397937771.326139
0.9970270270270271,148.0,1444767254.5857105
0.6869019607843136,255.0,1403467351.126871
1.0,228.0,1396944091.4354334
0.9192307692307692,104.0,1414959650.7935064
1.0,387.0,1394351334.4689517
0.638,120.0,1418151669.5606713
0.3094736842105263,19.0,1397848809.751028
0.9757575757575758,132.0,1439626388.2759666
1.0,17.0,1398759585.5481634
0.9618965517241379,232.0,1421133136.0894225
0.24373056994818654,193.0,1435867729.4027302
0.3973913043478261,276.0,1410290370.8316066
1.0,352.0,1426101969.3641222
,0.0,
,0.0,
0.8289932885906041,298.0,1400486118.873001
0.8970731707317072,328.0,1389038189.287864
,0.0,
0.1253781512605042,357.0,1438199402.437481
0.702857142857143,147.0,1403295286.9798105
0.9501492537313433,134.0,1406098783.5299401
1.0,172.0,1420527958.440222
,0.0,
1.0,25.0,1426407589.0393167
0.98882096069869,458.0,1444894933.5508804
1.0,234.0,1423897954.6126282
0.7682644628099173,121.0,1414004469.660876
1.0,177.0,1446793540.466053
0.6277669902912622,412.0,1422993039.8863456
1.0,26.0,1394612376.2454948
0.8717090909090909,275.0,1392319198.6333797
0.392,5.0,1438155008.164637
1.0,42.0,1441436002.2602108
1.0,92.0,1435090503.6041143
,0.0,
,0.0,
1.0,18.0,1419495570.0505388
1.0,387.0,1451979002.9959776
0.9780281690140845,142.0,1388088895.725292
0.9886238532110092,109.0,1432930872.5073447
0.6218181818181818,44.0,1442818401.098689
1.0,386.0,1423725889.2422767
,0.0,
0.13176470588235292,51.0,1402728834.756681
0.9002061855670104,291.0,1407786614.0857818
1.0,274.0,1418584774.27604
0.9844444444444445,18.0,1411201155.9265146
,0.0,
0.307027027027027,148.0,1404677684.9354835
0.14324022346368714,358.0,1435778760.2265797
,0.0,
0.9639285714285714,112.0,1436511602.2557857
,0.0,
1.0,38.0,1427612050.4235427
0.00020833333333333332,384.0,1440314646.8468535
,0.0,
,0.0,
0.612054794520548,73.0,1385324104.24209
0.8024242424242425,330.0,1419450986.0118098
1.0,453.0,1429688609.9560783
0.5723636363636363,110.0,1428783690.6923041
0.0,300.0,1443340470.8186243
0.6463865546218487,357.0,1434396374.3733113
0.9304761904761905,210.0,1431803641.48804
0.45587548638132297,257.0,1450468924.3452933
0.0,456.0,1439365352.6349728
1.0,486.0,1415259394.577995
0.9459633027522937,436.0,1423942340.3191965
0.9987692307692307,130.0,1450685575.5322478
1.0,117.0,1394650887.4242055
0.6,172.0,1442646336.2464802
0.5098489425981874,331.0,1441569358.6799622
0.9903703703703703,108.0,1445372426.0854268
,0.0,
,0.0,
0.8932038834951456,103.0,1421871670.317158
0.2321030042918455,233.0,1411456319.0305836
1.0,232.0,1419750731.611587
1.0,231.0,1418368322.0276947
0.9968595041322313,484.0,1428694720.2999873
0.5188837209302326,215.0,1446449404.940553
,0.0,
,0.0,
0.5639669421487603,121.0,1400180501.2233717
0.9983908045977011,174.0,1409990824.0925655
0.5779661016949152,118.0,1441652452.895652
0.3735968379446641,253.0,1411761742.5019503
0.5364102564102564,195.0,1441397292.228909
1.0,172.0,1397549257.4713085
1.0,128.0,1385712822.9614184
0.21846153846153846,13.0,1435173609.066033
0.0040655737704918034,305.0,1407914290.5412915
,0.0,
1.0,44.0,1393657205.7264855
1.0,172.0,1387872443.7751708
0.3927083333333334,192.0,1445544493.9065993
1.0,51.0,1393052051.0202742
0.9323863636363636,352.0,1450985123.2621827
1.0,384.0,1424764148.0864303
0.34173076923076917,208.0,1408302805.6477253
1.0,131.0,1399186817.328338
0.6893506493506493,385.0,1405754655.4400768
0.5188785046728972,107.0,1405282848.762971
,0.0,
0.9841610738255033,149.0,1450296856.919909
0.9290066225165563,151.0,1451679260.1012084
0.43784946236559136,279.0,1436555988.6646364
1.0,133.0,1400919215.1346347
,0.0,
0.4033898305084746,354.0,1402601154.8774385
0.5785286103542234,367.0,1403639415.7949681
1.0,22.0,1418113159.4087982
1.0,454.0,1443512536.8740277
0.9942583732057416,209.0,1398626028.9930882
,0.0,
0.9094736842105263,171.0,1405843624.8795755
,0.0,
0.31735537190082647,121.0,1407092473.878296
0.9461682242990654,107.0,1403900448.6167612
1.0,157.0,1449169619.1678436
0.14332326283987917,331.0,1442951756.3764184
0.31448275862068964,174.0,1406404211.9747689
1.0,411.0,1449258590.5007646
1.0,253.0,1416081013.3036623
0.5065384615384615,208.0,1447009990.5427358
0.44534562211981565,434.0,1447443089.093925
1.0,300.0,1396338927.8817
1.0,131.0,1428567237.0105743
1.0,12.0,1434701990.587938
0.0022988505747126436,174.0,1439021222.163884
1.0,174.0,1392019647.4050047
1.0,229.0,1448092832.8109787
0.9816822429906541,107.0,1391458857.196868
1.0,156.0,1421222103.8547232
1.0,472.0,1429299893.145416
,0.0,
0.172938689217759,473.0,1440359033.1007261
0.7147368421052631,190.0,1413749305.9388342
0.06711340206185568,388.0,1408519454.4909303
,0.0,
1.0,458.0,1393918239.8884525
,0.0,
0.1934845360824742,485.0,1438760185.6028702
1.0,173.0,1414138027.0481482
1.0,390.0,1387783472.9626057
0.5548148148148148,162.0,1399403269.3199062
,0.0,
1.0,473.0,1418240641.49444
0.9853164556962025,158.0,1407697640.9481077
0.5421686746987951,415.0,1443728989.130164
1.0,227.0,1421827284.491472
0.28158640226628895,353.0,1406748341.0871656
1.0,303.0,1440575680.8059905
0.2569127516778524,149.0,1442002460.2035997
,0.0,
1.0,353.0,1446837926.1044598
1.0,486.0,1388993803.3366044
1.0,234.0,1415603521.825959
1.0,239.0,1399231201.7285707
1.0,108.0,1398370863.5963092
0.9257731958762886,388.0,1434785087.4936137
0.6731746031746032,252.0,1396555379.4674852
0.35548638132295723,257.0,1440792130.785056
0.43234375,256.0,1444939319.8575535
0.15090507726269314,453.0,1442130139.7768517
0.9733333333333333,24.0,1401951609.766741
1.0,118.0,1427828501.7175329
0.4281953290870489,471.0,1386445471.750133
,0.0,
0.4543589743589744,273.0,1448997553.462729
0.6721860465116279,215.0,1384802037.4140193
0.9929824561403509,456.0,1432453380.1689548
0.6558974358974359,156.0,1396638473.7475407
,0.0,
0.6396116504854369,103.0,1431548485.9020703
1.0,488.0,1426318618.49254
1.0,386.0,1432020285.8550122
0.9669473684210526,380.0,1427873086.6250517
0.41704918032786886,122.0,1438887667.0693314
1.0,385.0,1391930675.1986458
1.0,457.0,1425541384.2878728
1.0,380.0,1434440958.4344633
1.0,231.0,1391414472.1913133
0.8699665551839465,299.0,1429516544.013101
0.4162162162162162,148.0,1436472894.0180352
1.0,173.0,1394262362.808245
,0.0,
0.22599277978339352,277.0,1404760780.1627908
1.0,387.0,1422343485.8381062
0.6586175115207373,434.0,1421177523.0258543
1.0,133.0,1422687619.0734153
0.6818867924528301,106.0,1409430039.4829185
0.7855629139072847,302.0,1447487672.336936
,0.0,
0.2119148936170213,329.0,1402862189.6922169
0.7266666666666667,24.0,1440231553.4302776
0.9036363636363636,110.0,1401951601.4602222
0.805661252900232,431.0,1425324732.6448452
1.0,172.0,1444550804.49988
1.0,180.0,1385967984.8321204
1.0,131.0,1409213586.9719775
1.0,132.0,1419922797.213185
0.9830303030303029,132.0,1425802422.134559
,0.0,
0.4833898305084746,118.0,1443034850.3024178
1.0,484.0,1395517107.804151
1.0,193.0,1393013340.5051267
0.44603351955307263,358.0,1415042746.5069213
,0.0,
1.0,176.0,1403939159.0816226
1.0,331.0,1391802993.0694568
0.14210526315789473,380.0,1435823343.6155374
1.0,434.0,1443684602.4560564
0.9965891472868218,387.0,1426146553.337808
0.9991208791208791,455.0,1420011765.9487932
0.25193415637860084,486.0,1444289769.3550756
0.9347008547008546,117.0,1436428512.9772806
0.9616326530612246,98.0,1433708114.3830848
1.0,304.0,1401002308.5567603
1.0,23.0,1443684610.8996625
0.6274285714285714,105.0,1412194842.013811
0.2575213675213675,468.0,1385063074.0867057
0.8921518987341773,158.0,1443640017.9890645
0.7293333333333334,150.0,1440620066.491071
0.9977142857142858,175.0,1433491659.3939414
0.39272727272727276,462.0,1385623851.5566494
0.03419141914191419,303.0,1409296682.882175
1.0,174.0,1418285225.91969
,0.0,
,0.0,
0.7754756871035942,473.0,1390592653.371835
0.3642372881355932,472.0,1445888627.4826283
0.9745945945945945,148.0,1390853690.5030723
0.09268907563025211,476.0,1408563840.630519
,0.0,
0.46312292358803986,301.0,1439193287.434894
,0.0,
0.851830985915493,71.0,1385324112.6929529
1.0,178.0,1416380758.2114453
1.0,28.0,1427789991.2017696
,0.0,
0.369763779527559,254.0,1439409739.3646278
,0.0,
0.5716666666666667,48.0,1440053613.029631
1.0,249.0,1429255503.1611528
0.46017543859649124,456.0,1437982954.3472161
0.911578947368421,475.0,1444506220.407813
0.9545,80.0,1399148103.2397542
0.569646017699115,452.0,1438155017.2462633
0.4364971751412429,354.0,1442690721.4043877
0.6307216494845361,194.0,1412366906.8003743
,0.0,
0.28889867841409694,454.0,1402040572.3761513
1.0,157.0,1413227232.0153866
1.0,231.0,1446016307.4561703
1.0,382.0,1394695473.42171
1.0,15.0,1389082771.3096428
1.0,335.0,1427745406.8111584
0.6268592057761733,277.0,1429644025.917694
,0.0,
1.0,231.0,1424592085.2587678
,0.0,
0.5643321299638989,277.0,1401995988.3947704
,0.0,
0.5145631067961165,206.0,1424891627.0731888
1.0,1.0,1397804407.5192509
1.0,173.0,1430726878.1995938
1.0,227.0,1414915265.5001576
0.7802424242424243,330.0,1413921373.0456958
,0.0,
1.0,301.0,1418457292.4459105
0.9963428571428571,175.0,1415520427.7326162
0.986839378238342,386.0,1393313084.1362395
,0.0,
1.0,172.0,1426057583.700365
0.0004405286343612335,454.0,1436600572.2837882
0.8809999999999999,160.0,1385579267.1794584
0.8547859922178987,257.0,1449086524.2741148
,0.0,
0.8864069264069263,231.0,1432192346.7778416
0.9995800524934383,381.0,1413704919.8079715
0.8852083333333333,192.0,1401868503.6186583
1.0,232.0,1394179267.3604503
0.8886124401913875,209.0,1449774786.9048862
0.9520000000000001,210.0,1419362014.7061307
,0.0,
0.9741666666666667,48.0,1411023213.9867535
0.9811940298507463,134.0,1442041170.3396049
0.8859907834101383,434.0,1415647907.1204495
0.9995348837209302,172.0,1417763147.1921918
,0.0,
0.7867441860465116,172.0,1404461233.2223141
0.0606113537117904,229.0,1441869104.2568312
0.9554356846473029,482.0,1446665861.219263
1.0,22.0,1448525939.7252429
,0.0,
0.9097520661157025,484.0,1431459518.2716749
0.4497674418604651,258.0,1443556923.1457293
1.0,383.0,1397116155.3976898
,0.0,
1.0,20.0,1391847577.9937673
0.7831404958677686,121.0,1397415702.745969
1.0,382.0,1419234532.2555287
,0.0,
0.9212422360248448,161.0,1431198485.6526542
1.0,158.0,1424286468.5699208
0.9997727272727274,176.0,1394784446.1701398
1.0,378.0,1399880955.8531547
0.3137037037037037,432.0,1439148703.81474
1.0,210.0,1404155611.4566598
0.45348837209302323,258.0,1397848801.262003
,0.0,
0.9443881856540085,474.0,1448653420.918944
0.8330396475770925,454.0,1410334954.8803585
0.9632,175.0,1427439981.4597588
0.9921804511278195,133.0,1418540388.9576938
1.0,9.0,1393574108.315093
1.0,259.0,1432281315.185064
1.0,132.0,1418890395.4996758
0.9955862068965518,435.0,1417030309.2690036
1.0,179.0,1392879984.636491
1.0,128.0,1388477611.036721
0.6871153846153847,208.0,1451157188.8676906
1.0,434.0,1389382314.9260788
0.2854485049833887,301.0,1441958074.382718
0.4977049180327869,305.0,1402384703.7831151
0.24814968814968816,481.0,1441136258.2078328
0.9993333333333334,120.0,1426796102.3371816
0.9665753424657534,146.0,1432325698.7881258
0.52,119.0,1440270062.4941826
0.9818181818181819,132.0,1403683998.6971343
1.0,456.0,1418629358.4139903
0.9883982683982684,462.0,1434007857.849763
0.8239093484419263,353.0,1445455522.7823033
1.0,234.0,1387955539.5305493
0.708300395256917,253.0,1400702568.2645853
1.0,234.0,1429427573.4587517
1.0,174.0,1390637237.8951645
1.0,10.0,1413271808.334564
1.0,485.0,1384846621.834754
0.8984860557768924,251.0,1414526549.458728
1.0,301.0,1389426898.016572
0.9537991266375546,458.0,1396683057.9696674
,0.0,
0.9996969696969696,132.0,1435479217.856633
0.8475492957746479,355.0,1392924370.2810056
0.21846153846153846,208.0,1438715601.7591884
0.8630769230769231,26.0,1425413710.524722
0.7884848484848485,66.0,1399148111.436609
1.0,133.0,1447570767.57269
0.14945054945054945,455.0,1417246955.7328763
0.9850420168067227,238.0,1385190753.1295178
1.0,231.0,1428739304.5715568
0.46799999999999997,10.0,1414698607.45116
0.3445059288537549,253.0,1410379341.3056295
0.995957894736842,475.0,1447271025.2164314
,0.0,
0.3119791666666667,384.0,1445500107.2827256
0.9555263157894737,304.0,1413443883.6397898
1.0,133.0,1407831195.9209263
0.9435497835497836,231.0,1451545904.5609908
0.9324242424242425,132.0,1428217225.5098317
0.6579047619047619,210.0,1400008436.71619
,0.0,
0.9628235294117647,255.0,1420056152.072339
0.5182378854625551,227.0,1388649675.613349
0.21856540084388187,474.0,1405799041.3874655
,0.0,
1.0,173.0,1425197249.6307056
0.36578034682080923,173.0,1411373223.0457144
,0.0,
,0.0,
0.9893596059113301,203.0,1427656435.2789006
0.9789473684210526,19.0,1412583553.295108
,0.0,
0.9992105263157894,456.0,1424331052.6262255
1.0,132.0,1410595990.3696918
,0.0,
1.0,49.0,1406876022.4382262
0.8359055118110236,127.0,1395000900.898001
0.909367088607595,158.0,1445022415.5634441
,0.0,
1.0,375.0,1386056954.8154502
0.30403846153846154,208.0,1402773219.2834778
0.96,194.0,1424808533.499031
0.9740000000000001,20.0,1395000909.4483867
0.9633480176211454,227.0,1402473673.832328
0.545360824742268,194.0,1401307725.2561877
0.34785714285714286,280.0,1386789599.3094568
0.9879069767441861,301.0,1420355894.445522
0.558608695652174,230.0,1443945639.039668
1.0,459.0,1422948653.658644
0.9855870445344129,247.0,1385496173.1697216
,0.0,
0.7054545454545454,330.0,1398715001.104557
,0.0,
0.9440506329113925,158.0,1420139246.154917
0.3214521452145215,303.0,1442474270.692286
0.9898969072164948,194.0,1410984503.5408237
0.6953086419753086,243.0,1418845813.5581467
,0.0,
0.07806167400881057,454.0,1404805364.2303174
,0.0,
1.0,455.0,1428478265.0021818
0.9992067988668555,353.0,1398453960.831783
,0.0,
1.0,227.0,1423209690.4986556
0.7227149321266968,221.0,1385407201.577356
,0.0,
0.23686006825938566,293.0,1386662119.38904
0.519746835443038,158.0,1402168053.7563512
0.5985185185185186,108.0,1442607625.753334
0.8722513089005236,191.0,1390248518.219302
,0.0,
1.0,233.0,1410073919.4773457
0.932892561983471,121.0,1409857268.6527789
1.0,49.0,1449730401.9103894
0.9458227848101266,158.0,1398020864.7081633
0.04356020942408377,382.0,1402645738.6314244
1.0,487.0,1398670613.9544308
0.3292836676217765,349.0,1427484367.942028
,0.0,
0.5235537190082645,484.0,1432841902.1508346
0.5871140939597316,298.0,1397721321.6619956
1.0,104.0,1395039614.8518152
,0.0,
0.90825,160.0,1400785661.9212365
0.3666341463414634,410.0,1399492240.6100621
1.0,356.0,1409513136.141813
1.0,256.0,1425585771.0569584
0.9985310734463277,354.0,1428866787.4899487
0.6996652719665272,478.0,1425929903.886594
,0.0,
0.7172866520787745,457.0,1406359820.343621
,0.0,
0.5953623188405797,414.0,1425757837.8708065
1.0,330.0,1393185405.7838774
0.9457303370786516,356.0,1433013969.298835
0.6192739273927392,303.0,1445239068.9535277
0.2750310559006211,483.0,1417635464.9009051
1.0,9.0,1429172405.6531153
,0.0,
0.9877022653721683,309.0,1388560705.8271027
1.0,124.0,1390892400.519537
1.0,322.0,1384891008.4417748
,0.0,
0.33072625698324026,358.0,1423337172.8778038
0.5413612565445026,382.0,1405410527.6164737
1.0,29.0,1392274806.4620342
0.7450424929178471,353.0,1420572343.2903945
0.9987931034482759,232.0,1448781100.9459507
0.30105263157894735,133.0,1448953167.8111258
1.0,69.0,1451979011.193199
0.7290395480225988,354.0,1408130741.2753038
0.9934647887323943,355.0,1399836371.9169123
1.0,382.0,1428911371.6792285
0.9146938775510205,98.0,1387311660.2073982
0.5992380952380952,210.0,1416597209.7686453
,0.0,
,0.0,
0.6604835164835166,455.0,1446277343.5608637
0.9970689655172414,232.0,1432886486.8365657
0.5266321243523316,193.0,1437250119.0186534
1.0,385.0,1445844240.881072
0.9534411085450347,433.0,1451590290.341197
1.0,454.0,1396510993.098733
0.5548418491484185,411.0,1391197822.9385176
0.25796257796257793,481.0,1442518656.5475643
1.0,132.0,1446538380.2628794
1.0,22.0,1396383306.5133803
,0.0,
0.42318471337579616,157.0,1440875224.5103145
0.9265979381443299,194.0,1404072516.1399329
1.0,2.0,1425496809.009313
0.3494318181818182,352.0,1405365944.059476
1.0,385.0,1447226638.9563246
0.5069230769230769,104.0,1416342047.861577
1.0,133.0,1440658776.154715
1.0,143.0,1430943327.8673027
0.6001136363636363,352.0,1449602721.7455456
1.0,133.0,1417157987.8501172
1.0,231.0,1389337929.7312005
0.21162105263157893,475.0,1441741424.5756712
0.33611814345991564,474.0,1396122278.971314
0.6211570247933884,121.0,1411239666.8161447
1.0,108.0,1395606078.1187317
1.0,299.0,1433663725.7349763
1.0,125.0,1384974103.0102816
0.9981707317073171,328.0,1395950212.8939078
0.9996551724137932,232.0,1407309124.702138
0.995625,192.0,1430338164.4461308
1.0,174.0,1424675180.0003066
0.284,230.0,1443251500.5492365
0.7392,275.0,1403378381.4906142
,0.0,
1.0,190.0,1422043738.539825
0.3733057851239669,484.0,1388605091.8113928
0.7666666666666667,18.0,1402906772.6599908
,0.0,
1.0,384.0,1391586536.673743
1.0,78.0,1397765703.3112824
0.9995778364116095,379.0,1388821739.6169333
0.837922077922078,385.0,1438932251.608408
,0.0,
1.0,129.0,1399536825.2766993
0.9803726708074534,483.0,1424547501.8886893
1.0,134.0,1433746822.1309907
,0.0,
0.9687422680412371,485.0,1449819371.0012913
1.0,298.0,1414310095.285516
1.0,174.0,1395644788.8738441
1.0,461.0,1416036622.9696355
1.0,19.0,1400569206.789751
,0.0,
,0.0,
0.35378048780487803,328.0,1433275007.7777169
,0.0,
,0.0,
0.9963333333333334,120.0,1449946851.8488123
1.0,236.0,1390809302.5675442
1.0,257.0,1393790564.02762
0.8523529411764705,272.0,1393701595.5412707
0.9883333333333333,48.0,1437288827.9423573
1.0,132.0,1434096828.7983387
1.0,127.0,1387095214.5273237
0.4848717948717949,156.0,1389815405.4573643
0.9911614730878188,353.0,1397071570.9481394
,0.0,
1.0,487.0,1419406599.35001
0.31672316384180793,354.0,1438543535.869606
0.6220689655172413,319.0,1413316201.8941438
1.0,483.0,1386229020.2882195
0.5798757763975155,483.0,1423165105.978003
0.7770370370370371,108.0,1443990024.2426517
1.0,305.0,1416208691.0206847
0.96,19.0,1404289167.0679774
,0.0,
0.9897391304347827,230.0,1438416053.7285082
0.9571844660194175,412.0,1442346591.4118605
0.5511415525114155,438.0,1385235139.0330603
0.8730434782608696,161.0,1414609644.7035792
1.0,133.0,1397804417.0816064
,0.0,
1.0,192.0,1428955758.5983818
1.0,134.0,1414393192.4440544
,0.0,
0.2974576271186441,472.0,1436211859.9264598
0.9842794759825327,229.0,1413532854.1663923
1.0,226.0,1392796888.6749678
1.0,458.0,1389598959.9923337
,0.0,
0.9506206896551724,435.0,1448825487.3453887
1.0,304.0,1423120719.3450768
0.8033333333333332,12.0,1387700374.4341962
,0.0,
0.4193782383419689,386.0,1436167473.478261
,0.0,
,0.0,
0.9487878787878787,132.0,1404716394.912262
0.5627338129496402,278.0,1411672771.6323555
1.0,134.0,1413010779.6665857
0.5424324324324324,148.0,1406060073.9650292
0.5775257731958763,194.0,1406837312.0597575
0.9516949152542372,472.0,1398887068.8392458
,0.0,
0.9079999999999999,20.0,1405671561.4850712
0.9776744186046511,473.0,1400269471.622918
0.43210191082802546,157.0,1438110433.6179583
,0.0,
0.8469565217391305,23.0,1386745207.5177038
0.045454545454545456,22.0,1442996342.1819391
0.7270229007633588,131.0,1428178515.8915317
0.5106145251396648,179.0,1388732770.7285154
0.254,480.0,1412105873.1659317
,0.0,
0.9750515463917526,194.0,1397160541.8344016
1.0,63.0,1432364405.1897843
1.0,133.0,1403333996.7079988
0.99822454308094,383.0,1439970517.6099086
1.0,306.0,1426751717.6758611
0.706246719160105,381.0,1449647305.6032615
1.0,487.0,1412494584.2200065
1.0,233.0,1436339538.5064907
,0.0,
0.40872180451127815,133.0,1450335567.4969025
1.0,481.0,1449430656.3233452
1.0,379.0,1387439339.0327342
1.0,174.0,1450940737.7240057
0.9998290598290598,234.0,1427356884.633801
0.5440944881889763,254.0,1446321730.181688
,0.0,
0.45256198347107435,121.0,1404327677.815706
1.0,228.0,1446710444.9770513
1.0,177.0,1421910381.165984
0.99953125,256.0,1410551403.1677685
0.8164609053497942,486.0,1448436966.9866164
1.0,387.0,1409901853.3253694
0.9395505617977529,178.0,1431587195.5490983
,0.0,
,0.0,
1.0,231.0,1390720333.9079924
1.0,456.0,1445067000.9273832
0.9098507462686567,335.0,1426363004.9087582
0.9006896551724138,174.0,1445411136.7982998
0.34036144578313254,332.0,1440186968.7299755
0.9994968553459119,159.0,1404932845.0516596
1.0,394.0,1385018687.7277203
0.5977931034482759,435.0,1419795117.4055197
0.2955151515151515,330.0,1407009378.8911464
0.5820459290187892,479.0,1435606697.285407
0.998680412371134,485.0,1395905826.071275
0.9853061224489795,147.0,1407442480.5927317
0.4370967741935484,124.0,1386356500.8228483
1.0,332.0,1420833383.5603256
0.5748453608247422,194.0,1449691691.9931126
,0.0,
1.0,484.0,1413488270.0069087
0.8121311475409836,122.0,1436122889.1119914
0.9766507177033493,209.0,1401390818.7363973
0.9952340425531915,470.0,1387827859.5200782
0.4376119402985075,201.0,1424114402.3833685
0.4830120481927711,332.0,1437422182.6282456
1.0,251.0,1392408170.2246318
1.0,303.0,1428134127.802579
0.6292134831460674,89.0,1442302211.847736
0.36593939393939395,330.0,1411156571.406853
,0.0,
1.0,303.0,1448003862.5116878
0.7901818181818182,330.0,1429127825.66047
0.7139170506912442,434.0,1410118305.5556254
0.4132786885245902,488.0,1435995408.3239005
1.0,173.0,1398931653.6804945
0.8679738562091504,306.0,1435562311.6111176
0.4832,175.0,1435734375.223763
,0.0,
1.0,25.0,1426796110.5450044
0.4368580060422961,331.0,1444334155.4669383
1.0,148.0,1419884087.048388
,0.0,
0.48243478260869566,230.0,1409385653.8329043
,0.0,
0.7693913043478261,230.0,1437721922.9510758
,0.0,
0.9976859504132232,121.0,1389121282.950684
,0.0,
0.7635409836065574,305.0,1389943092.0578349
0.9706796116504854,412.0,1398109834.1501014
0.5030806845965771,409.0,1388433026.9802961
,0.0,
,0.0,
1.0,192.0,1419278919.0373824
0.7296083550913838,383.0,1448264899.8991234
0.9329999999999999,120.0,1402945283.7638843
0.9912000000000001,150.0,1448914457.8409688
0.8044019138755981,209.0,1448392382.6459506
,0.0,
1.0,487.0,1429083438.55312
0.329559748427673,159.0,1436728052.588724
0.8454901960784313,51.0,1408258421.1602151
0.9925217391304347,230.0,1412150456.9288478
0.49697916666666664,384.0,1442735305.6572464
0.7415894039735099,302.0,1448870071.3524497
1.0,231.0,1425974487.9501975
1.0,70.0,1432364413.5085056
0.24457142857142855,385.0,1437205732.8750153
0.6882644628099173,484.0,1410723470.4648743
,0.0,
0.7281751824817517,274.0,1432408795.1302733
1.0,172.0,1412755615.854996
0.8223107569721115,251.0,1402084959.1205835
0.07863874345549739,382.0,1406792925.5106902
0.984919540229885,435.0,1446060693.6867468
0.850909090909091,132.0,1402301609.112359
,0.0,
1.0,179.0,1423292787.0068898
,0.0,
0.9980104712041884,382.0,1446882509.7763753
,0.0,
0.4174065934065934,455.0,1395128583.8306153
1.0,486.0,1400053020.8273327
0.9985185185185185,432.0,1444678285.056827
0.9487046632124353,386.0,1404372262.467095
1.0,120.0,1448564449.0635707
,0.0,
0.9967019027484143,473.0,1414093442.2992036
0.999090909090909,176.0,1408086355.8068013
1.0,174.0,1450080406.5110145
,0.0,
0.6257493857493858,407.0,1385668238.3668025
0.19722543352601157,173.0,1444028734.6485567
,0.0,
0.999373368146214,383.0,1444461834.460508
0.0,456.0,1417419017.9960225
0.38772036474164134,329.0,1409774173.6556013
0.6836653386454183,251.0,1421438563.684783
,0.0,
1.0,174.0,1423814859.4945052
0.056716417910447764,134.0,1439276383.4009933
0.9638225255972697,293.0,1385279722.7365248
0.9263157894736842,19.0,1420228208.286031
0.5524528301886792,53.0,1409169009.463581
0.8726614987080104,387.0,1449214202.4687462
,0.0,
,0.0,
0.8761722488038278,209.0,1420744410.4483907
1.0,453.0,1414482162.6054566
0.7458181818181818,110.0,1441225226.8384938
1.0,456.0,1392363783.3545318
0.917609561752988,251.0,1388260961.6040611
1.0,385.0,1404028129.3515525
0.6138333333333333,480.0,1427312300.0084255
0.958125,64.0,1424031305.1329367
1.0,21.0,1449908342.590215
1.0,44.0,1417935216.0687993
,0.0,
1.0,231.0,1398326478.842131
1.0,175.0,1422432456.836275
1.0,173.0,1445933211.8587215
0.4300478468899522,209.0,1440097998.4942937
0.659080459770115,174.0,1448175929.4120677
0.9963461538461539,208.0,1444245184.999243
0.8948571428571428,210.0,1430421259.1683803
,0.0,
0.2297391304347826,460.0,1414654229.215826
1.0,305.0,1432797515.7312584
1.0,231.0,1444633899.4933279
0.515473441108545,433.0,1399059136.0320625
,0.0,
1.0,157.0,1442257620.522324
0.1479154078549849,331.0,1408391776.107169
0.8958297872340425,235.0,1434957151.8465197
1.0,380.0,1412322520.8401752
0.7419636363636364,275.0,1419967181.9684772
0.47909090909090907,484.0,1401046694.1809032
0.9992619926199262,271.0,1425496799.732393
0.9997860962566846,374.0,1450596602.948723
0.4295302013422819,149.0,1439237673.85123
0.9505426356589147,258.0,1428350584.0486634
1.0,26.0,1425452407.4624982
0.3893838862559242,211.0,1435950824.169103
0.89954802259887,354.0,1412277937.2822282
1.0,29.0,1419839708.8709378
1.0,459.0,1392535850.812937
0.41888888888888887,432.0,1418412708.2840638
1.0,18.0,1395994796.41039
,0.0,
1.0,20.0,1437466765.3876252
0.9955409836065574,305.0,1449386269.8773348
,0.0,
,0.0,
1.0,235.0,1400397149.8993065
,0.0,
0.23810309278350517,485.0,1409729786.9330044
0.9998237885462555,227.0,1387267276.015448
1.0,426.0,1409124616.697965
1.0,16.0,1415348362.6899643
0.9067768595041322,121.0,1387738887.9881053
0.5189830508474577,354.0,1444073119.867353
0.5158095238095238,105.0,1435695665.3146558
1.0,292.0,1393574117.0209494
0.9881481481481481,189.0,1433102940.570649
,0.0,
0.9810416666666667,192.0,1398542932.700288
1.0,174.0,1403078837.67024
0.9895278969957082,233.0,1408691519.0900795
0.8186784140969163,227.0,1435651280.6885998
0.9727687296416938,307.0,1387178308.003238
0.98,112.0,1426018873.6228263
0.9944303797468355,158.0,1421521659.8588898
0.7933884297520661,121.0,1444417249.5588207
1.0,17.0,1416730763.214718
1.0,456.0,1439537417.8986907
0.872,105.0,1408047645.6525297
,0.0,
1.0,380.0,1426490683.4443598
0.8670588235294118,34.0,1394956507.8710353
0.13709923664122137,131.0,1411978392.548263
0.9912173913043477,460.0,1388388640.6313446
0.6378523489932886,149.0,1418501678.7516458
1.0,301.0,1450768671.1110597
0.3318777292576419,458.0,1410507019.96379
1.0,235.0,1399014749.6641684
0.982798353909465,486.0,1397288221.5719934
1.0,44.0,1432281306.9943216
0.6632407407407408,432.0,1450207887.2618928
1.0,380.0,1421999351.7562766
,0.0,
1.0,349.0,1394306749.3767412
0.5074576271186441,354.0,1441308321.6389494
0.7722834645669292,381.0,1423381757.2505658
0.6273148148148148,432.0,1405971104.890118
0.42152505446623095,459.0,1435390248.160673
1.0,235.0,1422515552.7269688
0.999766081871345,171.0,1447315608.7775946
1.0,486.0,1404200195.947673
0.8741991341991341,462.0,1387006245.6695583
0.6675,208.0,1397243637.0242085
0.8313333333333334,120.0,1430593323.7446425
0.6972262773722627,274.0,1395083998.9000359
,0.0,
1.0,454.0,1399275787.2840168
,0.0,
1.0,458.0,1429860676.3466227
0.3890577507598784,329.0,1436039794.9575474
1.0,307.0,1430032742.4946916
0.9395918367346938,49.0,1413788016.225302
,0.0,
0.9274321503131524,479.0,1406576274.326683
1.0,227.0,1399708890.6801627
,0.0,
1.0,232.0,1393485148.1364348
0.846829268292683,41.0,1386706511.0974104
,0.0,
1.0,82.0,1424031313.4242449
1.0,176.0,1413615950.1222963
,0.0,
,0.0,
0.9983673469387755,49.0,1435906439.1346374
1.0,40.0,1426229650.211297
,0.0,
,0.0,
0.18203904555314535,461.0,1402212638.1521504
1.0,484.0,1393141019.5231526
0.995187969924812,133.0,1405066399.685036
0.47226229508196726,305.0,1406531887.7075508
0.9923333333333333,120.0,1431975702.1686263
0.9382658959537572,173.0,1449558336.0321484
,0.0,
1.0,311.0,1385795918.2857983
1.0,113.0,1400569215.1625764
0.9525388601036269,386.0,1396077892.572809
1.0,357.0,1387394754.4608548
1.0,386.0,1401607469.774763
0.4480349344978166,229.0,1408003260.405677
0.9976954732510288,486.0,1391758605.492217
0.5626666666666666,330.0,1451246159.652313
0.8996178343949045,157.0,1406315235.3617935
0.81671826625387,323.0,1448220316.3034008
0.583404255319149,470.0,1393357470.0674868
0.21898305084745762,472.0,1433447074.633714
,0.0,
0.9989189189189189,481.0,1450813057.4492412
0.23792207792207795,77.0,1417463410.1808078
0.5020735785953178,299.0,1427267913.7927053
,0.0,
0.9183406113537117,458.0,1391153436.49323
0.872,255.0,1395172971.0199268
0.9993984962406014,133.0,1443423567.2071753
,0.0,
0.9475092936802975,269.0,1394956516.1857276
0.8167567567567567,148.0,1410207275.6883595
0.5722448979591837,147.0,1443384856.741805
1.0,132.0,1389509992.57937
1.0,330.0,1430510229.502496
1.0,52.0,1435090511.747994
0.5259770114942529,174.0,1441263936.4773023
0.6781052631578948,190.0,1399925342.005638
1.0,133.0,1389859995.7296321
0.5254237288135593,354.0,1417807533.7331913
,0.0,
0.4690155440414508,386.0,1415431458.459782
0.2268505747126437,435.0,1401823922.5489328
1.0,133.0,1430982037.545273
0.625090909090909,110.0,1417724436.2482483
0.9998268398268398,231.0,1450163501.462955
1.0,300.0,1446105277.6780868
1.0,210.0,1415214810.8342738
1.0,173.0,1421050038.6521306
1.0,485.0,1399664306.5634701
0.9995428571428572,175.0,1428822401.2506473
,0.0,
1.0,20.0,1431937193.5016787
1.0,252.0,1422820974.9037583
0.30800915331807777,437.0,1435001537.3938587
1.0,158.0,1395256067.2541091
0.9496907216494845,485.0,1385840304.8359792
1.0,255.0,1415908941.6111534
0.9919617224880384,209.0,1417979602.071747
,0.0,
0.9636144578313253,332.0,1445716561.0404105
0.7448791208791209,455.0,1400658182.2697878
0.9910722100656456,457.0,1431243069.5914366
0.8751937984496123,258.0,1451851325.5290186
,0.0,
0.5652892561983471,121.0,1433358103.0168986
0.9768152866242038,471.0,1389210252.4582334
0.8909999999999999,160.0,1433963273.2115307
0.9764705882352941,17.0,1393618509.2726822
0.5946835443037974,474.0,1394739860.8957596
0.7770680628272251,382.0,1449991436.2197134
0.9991358024691358,324.0,1387655792.9707525
0.9444604316546763,278.0,1414437578.149858
1.0,109.0,1420489248.2409928
1.0,178.0,1430204808.4155483
0.9997687861271676,173.0,1437116764.3191297
0.9988965517241379,435.0,1396294344.0917308
1.0,131.0,1398154417.5520158
0.29391666666666666,480.0,1436989086.435811
0.8142307692307692,208.0,1395861241.2914462
0.6608805031446541,159.0,1388344056.2286503
0.8694300518134714,193.0,1405454913.5821457
1.0,91.0,1393657214.1025703
,0.0,
0.3452631578947368,171.0,1418845805.4309866
0.2650666666666667,75.0,1428261605.7908897
0.25641237113402066,485.0,1438371469.8341937
,0.0,
1.0,435.0,1392147130.815759
0.9375206611570248,484.0,1391369888.158053
,0.0,
1.0,104.0,1402518059.2995608
,0.0,
0.2371875,256.0,1417291341.4339638
0.9395426195426195,481.0,1398281895.8709795
1.0,50.0,1404111226.1675851
1.0,23.0,1438849157.553707
0.9951851851851852,432.0,1443295886.3250089
1.0,131.0,1396772028.3393304
0.9995467422096317,353.0,1391541952.857075
0.002708333333333333,384.0,1443079435.1711082
0.452433734939759,415.0,1424375438.5023072
1.0,437.0,1403206317.8906806
1.0,11.0,1430554813.0933633
0.42069284064665124,433.0,1437766308.6646802
0.8430263157894737,304.0,1405149494.0815742
0.8061744966442953,149.0,1389471283.255072
1.0,133.0,1451717970.3315275
0.5627067669172932,133.0,1406448792.0424109
1.0,302.0,1418973492.3503895
,0.0,
,0.0,
1.0,388.0,1400225085.4598126
0.895798319327731,119.0,1425413702.0936258
1.0,132.0,1429949647.451199
0.6291063829787233,470.0,1430682294.1838062
1.0,176.0,1410851148.939161
0.4610623556581986,433.0,1432236731.1773663
0.9490909090909091,22.0,1451290744.71704
0.8414545454545455,330.0,1431892610.0442178
0.9516190476190477,105.0,1419106850.4185655
1.0,121.0,1445799656.1075258
,0.0,
0.9181873111782477,331.0,1418068573.9310777
,0.0,
1.0,50.0,1419317629.721299
0.999475982532751,229.0,1401091277.2788212
,0.0,
0.7059310344827587,435.0,1422559938.7405438
1.0,275.0,1451762355.1837993
1.0,176.0,1426579653.3990324
,0.0,
0.8271698113207547,106.0,1406665244.439606
0.5271018276762401,383.0,1441697038.1988618
1.0,12.0,1400141988.1651008
0.28395402298850575,435.0,1404588714.8876967
0.9998425196850395,254.0,1413144136.7818787
1.0,173.0,1400314055.3805218
,0.0,
0.8247398843930636,173.0,1401696440.6861486
1.0,18.0,1407053962.123445
0.92,50.0,1433141651.0235755
0.981639344262295,122.0,1422298900.9308252
0.6199209486166007,253.0,1429732996.7512152
,0.0,
0.9998513011152416,269.0,1426879199.2356403
0.7742292490118576,253.0,1431115391.9808633
0.02564551422319475,457.0,1436772636.4270353
1.0,20.0,1390465170.4409354
0.00033057851239669424,484.0,1451201773.1550226
0.993529411764706,476.0,1427917473.6459396
,0.0,
0.9981456953642385,453.0,1424158988.5895984
0.9478534031413612,191.0,1395778145.6411328
0.6945762711864407,472.0,1423770275.4671724
,0.0,
0.9250828729281768,362.0,1384629971.0841205
0.7303703703703703,432.0,1428089543.0412655
1.0,458.0,1420183830.3239808
1.0,16.0,1393229988.3842132
,0.0,
0.8876386036960986,487.0,1434613023.0064023
0.7511235955056179,356.0,1416425144.1514242
0.08768831168831168,385.0,1438588119.6347735
0.9998086124401914,209.0,1422126834.3111439
0.44084388185654005,474.0,1425152664.7919827
1.0,223.0,1385884889.0225434
1.0,18.0,1409818757.4828584
0.9996631578947368,475.0,1421005453.679157
1.0,300.0,1415692490.1419408
0.39874213836477984,159.0,1411844837.2357304
0.9884276729559748,159.0,1418756839.4570298
0.6612698412698412,252.0,1399320174.1048782
,0.0,
,0.0,
0.7137142857142856,70.0,1449214210.676398
,0.0,
0.8295833333333333,384.0,1425108277.8580897
,0.0,
0.515,416.0,1445111387.936947
,0.0,
0.8197073170731707,205.0,1394478818.2062914
0.8326956521739131,230.0,1450857641.513956
0.8128735632183909,174.0,1436256443.6016564
0.009391304347826087,230.0,1439798453.0193753
,0.0,
0.9871794871794871,156.0,1410551411.2892249
,0.0,
,0.0,
0.7392634560906515,353.0,1410895534.1262252
,0.0,
0.9951898734177215,158.0,1392491265.8477404
1.0,387.0,1416813859.2546988
0.2388976377952756,254.0,1404849750.711185
0.9946067415730337,178.0,1399791986.2979777
0.10740740740740741,432.0,1441913490.1226184
,0.0,
0.053586497890295355,474.0,1438976638.4375978
0.9716521739130435,230.0,1449475240.202787
,0.0,
1.0,132.0,1394007207.9236007
1.0,232.0,1417680049.8660736
1.0,190.0,1408219711.30342
,0.0,
1.0,234.0,1414221123.8655667
0.2504645476772616,409.0,1402257024.8230119
,0.0,
0.9853846153846153,104.0,1434313278.7254486
0.9863636363636364,484.0,1394134684.9262836
0.06599562363238512,457.0,1450424537.4407933
0.9563636363636364,44.0,1448347996.7577627
1.0,53.0,1415170426.2224152
1.0,374.0,1384674555.3671842
0.715,384.0,1444117704.2052448
0.24584070796460178,452.0,1433835791.931687
1.0,27.0,1392191708.0149527
0.72996336996337,273.0,1437938371.3607283
0.5831208791208791,455.0,1418801423.7209759
,0.0,
0.9875757575757576,132.0,1449303174.845965
0.9875,16.0,1436084377.280296
0.995564681724846,487.0,1413876985.3201897
0.4946153846153846,52.0,1434524054.7225292
0.9344,75.0,1422648912.8543432
0.9960330578512396,121.0,1423681304.7838392
,0.0,
